Ringnr|NestID|Location|Total_time|perch1|perch2|perch3|perch4|perch5|5perches|Bottom|Middle|Top|T_new|T_home|ground|latency|Explored|move_home|movement|Mov_sum
7894357|20KR49||600.242|0|0|12.401|43.205|46.043|NA|7.689|287.307|305.198|101.655|498.587|0|600.242|y|106|8|114
8412996||Kodderviken|600.453|12.708|6.452|92.355|0|14.365|NA|0|165.069|435.373|125.887|474.566|0|457.138|y|45|9|54
15582308|21JJ2||600|0|0|0|0|0|NA|0|2.999|596.989|0|600|0|600|n|55|0|55
358903H||Nuotalahti|601.111|72.2|102.361|46.94|227.015|marras.25|295.953|36.348|32.228|530.384|497.141|103.97|32.455|1.903|y|8|44|52
493777H|ESP18K11||600.481|102.337|187.282|50.699|96.605|13.54|37.979|53.397|354.038|184.739|450.603|149.878|1.126|1.599|y|44|172|216
493777H|||600.868|114.53|89.288|105.067|70.604|57.532|75.174|0|295.333|285.554|497.818|103.05|0|4.622|y|39|242|281
596153H|ESP18K9||600.592|31.014|2.886|66.892|0|21.035|NA|158.37|148.72|283.777|152.467|448.125|22.121|360.064|y|85|51|136
596153H|20EK29||600.745|96.354|106.493|26.805|107.632|12.124|51.897|6.447|383.453|209.607|348.793|251.952|0|1.453|y|163|240|403
603725H||Uto-Salo|600.643|273.752|191.83|104.135|22.471|0|NA|helmi.89|229.46|366.98|599.067|1.576|0|1.288|y|0|91|91
649857H|||600.083|0|15.41|0|341.875|36.815|NA|440.935|159.138|0|394.112|205.971|0|92.878|y|15|23|38
864684V|19LK3||600.522|0|0|0|0|0|NA|2.802|12.044|585.667|0|600.522|1.826|600.522|n|70|0|70
912085V||Matask?sviken|600.977|128.881|147.387|134.963|99.047|syys.46|157.751|49.212|63.594|479.762|553.101|47.876|41.3|13.949|y|13|115|128
998229H|ESP18K5||600.832|220.809|4.368|191.385|0|6.101|NA|138.394|367.518|90.002|595.959|4.873|41.254|4.872|y|1|149|150
CB86701_EST||Estonia|600.482|55.33|57.233|helmi.99|18.209|11.106|201.975|2.314|547.127|51.041|220.184|380.298|0|4.038|y|2|53|55
CB86702_EST||Estonia|599.381|21.662|0|287.635|24.984|9.957|NA|1.371|211.774|386.236|384.576|214.805|0|135.814|y|76|68|144
CB86703_EST||Estonia|600.614|8.404|6.253|44.914|54.621|72.602|45.045|0|110.617|489.997|186.825|413.789|0|9.796|y|42|52|94
CB86704_EST||Estonia|600.287|0|0|0|0|0|NA|0|6.669|593.618|0|600.287|0|600.287|n|4|0|4
CB86705_EST||Estonia|170.951|47.658|0.667|46.16|5.549|5.988|72.258|4.356|35.447|131.148|111.744|59.207|1.921|heinä.99|y|6|17|23
CB86707_EST||Estonia|599.83|5.945|0|153.697|61.294|93.51|NA|188.157|242.636|169.037|449.648|150.182|0|10.391|y|5|28|33
CB86708_EST||Estonia|593.109|0|0|0|0|0|NA|64.421|163.089|365.599|0|593.109|9.227|593.109|n|105|0|105
CB86709_EST||Estonia|600.512|0|0|0|0|0|NA|0|13.846|586.666|0|600.512|0|600.512|n|31|0|31
CB86710_EST||Estonia|600.901|0|0|0|0|0|NA|0|58.864|542.037|0|600.901|0|600.901|n|6|0|6
CB86711_EST||Estonia|600.402|0|0|0|0|0|NA|0|83.714|516.688|0|600.402|0|600.402|n|1|0|1
CB86712_EST||Estonia|600.047|0|0|0|0|0|NA|0|171.975|428.072|0|600.047|0|600.047|n|1|0|1
HA70201|POR18001||600.454|476.948|88.607|13.684|0.826|7.tammi|118.992|0|0|597.834|587.087|13.367|0|1.788|y|3|13|16
HA70202||Bjurvik|600.404|116.046|13.399|89.087|90.67|0|NA|68.801|277.208|244.553|531.083|69.321|63.633|61.379|y|5|162|167
HA70203||Bjurvik|600.336|0|13.916|0|9.445|0|NA|10.117|3.567|586.647|26.337|573.999|2.174|0.791|y|2|4|6
HA70204|POR18E4||600.366|0|0|0|0|0|NA|0|0|600.366|0|600.366|0|600.366|n|0|0|0
HA70204|19EK9||600.173|0|0|0|0|0|NA|0|0|600.173|0|600.172|0|600.173|n|0|0|0
HA70205|TAI18K2||601.044|0|0|0|0|0|NA|228.135|355.362|17.477|0|601.044|0|601.044|n|69|0|69
HA70206|TAI18K2||600.347|0|0|0|0|0|NA|130.678|226.863|237.095|0|600.347|42.837|600.347|n|130|0|130
HA70208|POR18001||600.329|18.863|0|456.126|20.224|4.633|NA|0|202.382|395.023|568.955|31.374|0|2.107|y|1|93|94
HA70211||Storminnet|600.453|0|0|0|0|0|NA|271.051|206.418|107.382|0|600.453|0|600.453|n|135|0|135
HA70212|POR18E9||600.643|13.514|22.806|0|100.081|0|NA|26.603|221.754|touko.14|142.549|458.094|0|tammi.83|y|19|7|26
HA70213|HEL18K2||600.373|0|0|0|0|0|NA|18.941|378.447|200.789|0|600.373|0|600.373|n|30|0|30
HA70214|TAI18K1||600.167|0|0|0|0|0|NA|12.299|110.975|475.778|0|600.167|0|600.167|n|161|0|161
HA70215|POR18E5||600.718|136.237|44.29|112.384|30.14|5.146|40.007|1.601|37.416|559.373|360.115|240.603|0|3.662|y|106|141|247
HA70216|POR18E5||600.366|216.659|177.759|24.954|81.392|0.64|434.781|51.413|78.78|468.729|533.318|67.048|27.507|0.606|y|20|256|276
HA70217|TAI18E1||596.089|0|0|0|0|0|NA|225.259|295.138|64.298|0|596.089|0|596.089|n|200|0|200
HA70218|TAI18K1||590.332|0|0|0|0|0|NA|0|0|590.332|0|590.332|0|590.332|n|0|0|0
HA70219||Rantalanlahti|606.625|58.297|161.212|152.211|198.6|10.173|376.026|6.461|556.082|44.061|582.636|23.989|0|1.131|y|5|88|93
HA70220|POR18K7||601.862|0|0|0|0|0|NA|115.816|263.452|210.431|0|601.862|0|601.862|n|169|0|169
HA70221|POR18E1||600.305|0|0|0|0|0|NA|62.775|192.789|341.527|0|600.305|0|600.305|n|221|0|221
HA70222|POR18K4||600.951|53.76|27.933|113.158|61.753|49.945|25.298|30.762|55.674|513.785|325.078|275.873|1.367|1.881|y|64|137|201
HA70223|POR18K4||600.699|12.247|0|85.096|23.684|18.691|NA|39.885|177.71|381.798|249.114|351.585|0|351.584|y|88|112|200
HA70224|SIU18E2||599.988|58.265|31.087|167.842|85.997|98.149|17.syys|2.384|71.736|526.351|446.55|153.438|0.424|1.474|y|72|182|254
HA70225|SIU18E2||601.68|0|0|0|0|0|NA|292.929|39.979|21.996|0|601.68|0|601.68|n|103|0|103
HA70226||Myrans|600.232|0|0|0|0|0|NA|186.047|283.629|128.145|0|600.232|0|600.232|n|133|0|133
HA70227|KIR18E1||600.695|0|0|0|0|0|NA|158.816|89.185|348.982|0|600.695|0|600.695|n|54|0|54
HA70228|POR18K6||600.725|0|21.247|0|3.533|0|NA|0|6.073|594.651|24.781|575.944|0|575.942|y|5|1|6
HA70228|20AT3||600.432|93.894|42.703|210.948|67.953|39.939|118.496|0|6.322|594.103|456.277|144.155|0|55.343|y|29|83|112
HA70229|POR18E2R||600.396|186.932|tammi.89|262.634|maalis.41|8.218|363.19|70.173|223.431|306.234|598.494|1.902|17.801|1.syys|y|1|177|178
HA70230|ESP18K8||600.277|179.967|0|165.069|1.224|89.529|NA|66.378|284.991|248.818|598.709|1.568|1.899|1.567|y|1|242|243
HA70231|ESP18K8||600.403|0|0|0|0|0|NA|1.098|20.112|579.188|0|600.403|0|600.403|n|8|0|8
HA70232|KAA18K1||600.196|0|0|0|0|0|NA|190.729|322.103|79.075|0|600.196|0|600.196|n|133|0|133
HA70233|KAA18K1||600.558|41.162|55.107|55.116|45.294|0|NA|64.293|339.912|65.93|196.71|403.848|0|276.81|y|16|31|47
HA70234|ESP18K12||600.462|0|0|0|0|0|NA|122.54|355.268|121.293|0|600.462|0|600.462|n|124|0|124
HA70235|KIR18J7||600.566|0|0|0|0|0|NA|55.901|82.219|456.082|0|600.566|0|600.566|n|57|0|57
HA70236|KIR18J7||600.366|563.218|10.884|18.736|0.299|0|NA|0|30.972|569.391|599.703|0.663|0|0.661|y|1|20|21
HA70237|SIU18E6||577.786|0|0|0|0|0|NA|235.557|249.705|90.446|0|577.786|0|577.786|n|67|0|67
HA70238|ESP18K2||600.25|232.479|heinä.61|225.067|2.674|0|NA|0|116.413|483.278|598.229|2.021|0|2.helmi|y|0|232|232
HA70238|19EK27||600.186|146.567|0|293.16|5.377|4.187|NA|0|150.677|449.482|470.42|129.766|0|129.764|y|1|99|100
HA70239|ESP18K4||600.201|0|0|0|0|0|NA|0|4.075|596.125|0|600.201|0|600.201|n|1|0|1
HA70240|ESP18K4||600.57|65.61|514.458|9.194|0|0|NA|5.887|422.935|170.605|599.235|1.335|0|1.334|y|0|30|30
HA70241|ESP18K10||594.765|3.223|166.184|marras.37|53.616|0|NA|0|240.076|56.671|234.936|359.829|0|0.992|y|8|18|26
HA70241|19EK4||601.278|0|0|72.53|84.001|358.703|NA|0|16.33|584.945|515.251|86.027|0|77.922|y|4|17|21
HA70242|POR18E4||600.46|0|0|0|0|0|NA|2.277|3.006|595.175|0|600.46|0|600.46|n|1|0|1
HA70243||Fiskarviken|600.368|157.824|173.075|69.864|38.716|17.518|169.374|0|23.846|576.503|446.744|153.624|0|tammi.97|y|96|259|355
HA70244||Kaitalahti|600.366|3.166|0|102.119|7.335|3.671|NA|loka.99|559.683|28.028|135.496|464.87|1.692|464.868|y|8|35|43
HA70245||Kaitalahti|600.497|46.771|65.152|142.656|91.237|39.126|58.755|0|15.503|584.987|390.151|210.346|0|10.128|y|41|85|126
HA70246||Kaitalahti|600.862|84.356|406.104|91.414|17.424|0|NA|0|0|600.862|599.304|1.558|0|1.557|y|1|6|7
HA70247||Kaitalahti|600.262|0|0|0|592.521|0|NA|10.101|589.409|0.749|596.267|3.995|2.713|3.458|y|1|5|6
HA70248||Smedjeviken|600.586|0|0|596.602|1.355|0|NA|0|590.458|10.125|599.479|1.107|0|1.105|y|1|4|5
HA70248|19KR16||600.559|231.86|10.101|71.476|6.009|232.197|206.04|0|29.739|570.403|551.661|48.898|0|0.575|y|12|25|37
HA70249||Smedjeviken|600.401|0|417.88|0|31.796|54.352|NA|0|31.714|546.899|503.077|97.324|0|4.891|y|8|15|23
HA70249|19KR17||601.443|0|0|0|0|0|NA|0|0|601.442|0|601.442|0|601.443|n|0|0|0
HA70250||Smedjeviken|600.298|190.633|97.912|74.107|58.836|10.931|9.396|0.772|249.577|349.908|453.525|146.773|0|0.772|y|42|140|182
HA70250|||600.43|19.668|196.068|86.127|24.143|213.696|425.392|5.895|122.994|471.527|539.72|60.71|0|1.236|y|8|22|30
HA70250|21JJ11||600.694|10.095|573.941|0|4.248|0.431|NA|0|238.56|356.208|594.418|6.276|0|2.768|y|8|18|26
HA70251||Smedjeviken|600.28|164.698|0|118.169|19.435|2.331|NA|1.853|48.486|549.936|304.646|295.634|0|295.632|y|24|14|38
HA70252||Smedjeviken|600.416|67.81|144.488|21.597|44.016|24.992|32.026|7.elo|10.817|582.507|289.504|310.912|0|2.519|y|128|119|247
HA70253||Uto-Salo|600.443|0|0|267.48|0|28.263|NA|0.919|39.482|560.025|295.744|304.699|0|304.697|y|36|2|38
HA70254||Uto-Salo|600.835|32.057|253.311|0|314.383|0|NA|234.821|364.64|1.371|599.757|1.078|0|1.076|y|1|6|7
HA70255||Uto-Salo|600.175|0|0|0|0|0|NA|412.91|156.735|30.454|0|600.175|0|600.175|n|81|0|81
HA70256|HEL18R1R||601.242|62.464|32.068|269.581|131.203|0|NA|90.689|354.438|156.05|591.513|9.729|6.889|9.727|y|4|111|115
HA70257|HEL18R1R||600.837|51.471|32.611|251.451|44.92|33.304|31.771|171.411|343|85.979|527.681|73.156|22.491|tammi.61|y|27|233|260
HA70258||PikkuHuopalahti|600.628|183.367|tammi.32|56.548|0|2.258|NA|8.547|101.515|490.541|243.498|357.13|0|283.014|y|26|5|31
HA70260||Pohja|600.43|0|0|0|0|0|NA|38.461|286.792|226.793|0|600.43|0|600.43|n|42|0|42
HA70266||Pohja|601.313|4.895|1.653|591.313|0.893|0|NA|0|585.699|15.61|600.175|1.138|0|1.136|y|1|9|10
HA70267|KIR18K2||600.895|140.135|54.574|16.586|16.479|0|NA|0|22.512|578.379|227.809|373.086|0|337.476|y|81|39|120
HA70267|19KR7||600.413|0|45.625|103.658|96.175|42.385|NA|4.213|276.578|316.491|287.869|312.544|0|158.727|y|32|37|69
HA70268|KIR18K2||662.63|0|117.035|5.224|1.935|0|NA|3.733|64.038|64.065|124.198|538.432|0|538.43|y|4|4|8
HA70274|KAA18K3||599.845|loka.21|63.042|121.055|24.976|6.965|96.999|0|21.555|578.283|222.085|377.76|0|270.914|y|27|24|51
HA70275|KAA18K3||600.213|0|0|0|0|0|NA|0|69.135|531.066|0|600.213|0|600.213|n|60|0|60
HA70276|KAA18K2||333.338|12.809|27.291|122.154|69.166|7.456|16.494|24.396|126.482|157.315|331.559|1.779|touko.86|1.779|y|11|72|83
HA70277|KAA18K2||600.742|131.189|168.114|38.868|110.404|4.311|456.259|38.492|456.537|98.998|470.395|130.347|7.116|1.371|y|27|118|145
HA70279||IsoHuopalahti|600.281|71.278|12.102|112.367|3.869|touko.28|134.328|0.526|75.19|524.56|204.905|395.376|0|228.749|y|7|8|15
HA70281|ESP18K11||600.37|0|0|0|0|0|NA|5.373|21.577|573.415|0|600.37|0|600.37|n|3|0|3
HA70281|19EK19||600.42|231.627|0.716|0|0.743|10.793|NA|0|0|600.42|243.882|356.538|0|323.664|y|4|5|9
HA70282|ESP18K5||600.467|0|0|0|0|0|NA|3.302|480.763|116.4|0|600.467|0|600.467|n|12|0|12
HA70283|KIR18J6R||663.586|0|0|0|0|0|NA|124.906|107.543|256.439|0|663.586|0|663.586|n|87|0|87
HA70284|KIR18J6R||600.081|159.517|194.973|41.569|40.804|4.205|151.404|0|0|600.081|441.158|158.923|0|4.185|y|7|93|100
HA70288|||600.235|0|0|0|0|0|NA|72.47|378.663|149.03|0|600.235|5.243|600.235|n|134|0|134
HA70303||Vikkula|600.216|42.563|74.657|2.792|80.715|0.808|76.601|20.614|125.67|451.444|213.319|386.897|10.081|24.syys|y|144|169|313
HA70303||Vikkula|600.041|60.38|97.461|81.653|38.285|13.645|32.819|22.471|159.562|417.969|291.983|308.058|14.168|148.949|y|99|103|202
HA70304|POR18002||600.753|0|0|0|0|0|NA|201.075|328.673|53.483|0|600.753|0|600.753|n|174|0|174
HA70305|POR18002||426.866|0|0|0|0|0|NA|0|419.191|7.673|0|426.866|0|426.866|n|2|0|2
HA70306|POR18003||600.529|0|0|0|0|0|NA|463.958|121.698|14.845|0|600.529|0|600.529|n|79|0|79
HA70307|POR18003||600.368|45.696|208.976|0|97.834|0.505|NA|26.155|209.83|363.92|356.353|244.015|2.629|1.666|y|24|100|124
HA70308|KIR18E1||600.944|18.401|92.001|0|1.659|0|NA|4.533|291.122|305.284|112.067|488.877|0|2.653|y|6|7|13
HA70308|19KR9||609.973|0|0|7.193|5.468|87.029|NA|0|0|609.972|99.692|510.281|0|491.989|y|4|3|7
HA70310|HEL18K4||600.803|0|0|0|0|0|NA|0|17.589|583.209|0|600.803|0|600.803|n|37|0|37
HA70311|HEL18K4||600.87|0|0|0|0|0|NA|0|0|600.87|0|600.87|0|600.87|n|0|0|0
HA70311|19AT11||601.958|0|0|0|0|0|NA|0|601.957|0|0|601.957|0|601.958|n|0|0|0
HA70312|ESP18J4R||600.057|0|0|0|0|0|NA|0|16.525|583.53|0|600.057|0|600.057|n|2|0|2
HA70314|19AT6||600.344|0|0|0|0|0|NA|0|15.462|584.874|0|600.344|0|600.344|n|16|0|16
HA70315|19AT5||600.77|115.424|35.488|133.51|14.515|77.76|186.47|0|2.566|598.202|378.043|222.727|0|97.304|y|37|88|125
HA70317|19AV1||600.461|133.16|32.835|142.139|30.512|41.394|114.392|24.857|126.791|448.707|379.129|221.332|0|35.802|y|59|147|206
HA70318|19AV1||600.64|0|0|0|0|0|NA|0|0|600.64|0|600.64|0|600.64|n|5|0|5
HA70319|19EK25||600.425|0|0|0|0|0|NA|0|0|600.425|0|600.424|0|600.425|n|0|0|0
HA70319|19EK25||600.425|0|0|0|0|0|NA|0|0|600.654|0|600.653|0|600.425|n|0|0|0
HA70320|19EK25||600.272|72.414|elo.44|165.848|11.234|55.061|174.352|0|2.832|597.438|312.486|287.786|0|186.503|y|25|29|54
HA70321|19EK24||600.418|101.496|5.106|258.156|0|17.209|NA|0|47.313|553.079|581.673|18.745|0|18.743|y|6|131|137
HA70322|19EK24||NA|NA|NA|NA|NA|NA|NA|NA|NA|NA|NA|NA|NA|NA|NA|NA|NA|NA
HA70323|19JJ4||590.891|0|0|0|0|0|NA|10.111|256.36|323.617|0|590.891|0|590.891|n|89|0|89
HA70324||Soukanlahti|600.459|194.036|1.886|129.091|0|4.405|NA|152.166|180.813|264.968|538.828|61.631|84.903|5.436|y|34|258|292
HA70325|19JJ4||600.34|0|0|0|0|0|NA|0|0|600.341|0|600.34|0|600.34|n|16|0|16
HA70326|19AT7||600.126|0|0|0|0|0|NA|0|0|600.126|0|600.126|0|600.126|n|0|0|0
HA70328||Hyljelahti|600.431|0|0|0|0|0|NA|600.431|0|0|0|600.431|600.43|600.431|n|0|0|0
HA70329||Hyljelahti|600.457|0|0|0|0|0|NA|0|26.597|573.85|0|600.457|0|600.457|n|258|0|258
HA70330|19JJ2||600.627|88.561|144.054|209.932|91.539|8.788|6.635|0|0|600.627|542.426|58.201|0|8.371|y|20|55|75
HA70331|19JJ2||600.498|33.971|199.209|57.071|45.723|52.012|179.143|0|46.66|553.831|388.382|212.116|0|67.637|y|46|61|107
HA70332|19EK26||600.637|173.17|1.297|422.19|0|1.177|NA|0|helmi.32|598.315|598.909|1.728|0|1.726|y|1|7|8
HA70333||Hyljelahti|601.198|0|0|74.574|44.101|274.457|NA|0|2.168|599.029|393.142|208.056|0|189.715|y|6|13|19
HA70334||Soukanlahti|600.287|0|0|0|0|0|NA|0|0|600.287|0|600.287|0|600.287|n|1|0|1
HA70335|||NA|NA|NA|NA|NA|NA|NA|NA|NA|NA|NA|NA|NA|NA|NA|NA|NA|NA
HA70336|||NA|NA|NA|NA|NA|NA|NA|NA|NA|NA|NA|NA|NA|NA|NA|NA|NA|NA
HA70337|||NA|NA|NA|NA|NA|NA|NA|NA|NA|NA|NA|NA|NA|NA|NA|NA|NA|NA
HA70339|20AT20||600.203|181.697|0|287.18|4.604|35.365|NA|114.327|386.424|94.805|591.781|8.422|1.993|elo.42|y|1|255|256
HA70339|20AT20||600.452|84.43|22.879|129.977|54.666|52.76|3.936|44.959|462.302|89.557|388.363|212.089|0|0.512|y|65|324|389
HA70340|||||||||||||||||NA|||
HA70341|20AT2||600|0|0|0|0|0|NA|0|0|600|0|600|0|600|n|359|0|359
HA70342|20AT2||600|0|0|0|0|0|NA|0|0|600|0|600|0|600|n|0|0|0
HA70343|||600|0|0|33.981|76.43|34.998|NA|0|414.835|185.162|146.916|453.084|0|415.584|y|6|9|15
HA70344|||600|0|0|0|0|0|NA|0|0|600|0|600|0|600|n|0|0|0
HA70345|||600|2.999|133.979|0|237.944|40.566|NA|88.462|427.528|83.996|415.505|184.495|0|114.079|y|13|23|36
HA70346|20AT31||600.666|0|0|0|0|0|NA|0|NA|600.665|0|600.666|0|600.666|n|1|0|1
HA70347|20KR49||NA|NA|NA|NA|NA|NA|NA|NA|NA|NA|NA|NA|NA|NA|NA|NA|NA|NA
HA70348|20AT27||600.363|8.043|1.196|90.306|0.989|12.788|119.903|0|4.513|595.845|136.404|463.959|0|198.395|y|63|38|101
HA70348|21NB14||NA|NA|NA|NA|NA|NA|NA|NA|NA|NA|NA|NA|NA|NA|NA|NA|NA|NA
HA70348|21NB14||600.827|0|0|0|0|0|NA|helmi.68|30.elo|567.321|0|600.827|0|600.827|n|190|0|190
HA70349|20AT27||601.547|0|0|35.43|69.032|65.257|NA|0|254.42|346.579|169.73|431.817|0|431.815|y|5|12|17
HA70349|21NB14||NA|NA|NA|NA|NA|NA|NA|NA|NA|NA|NA|NA|NA|NA|NA|NA|NA|NA
HA70350|20KR40||601.173|0|76.229|30.543|152.902|41.061|NA|214.517|208.917|177.714|300.747|300.426|3.931|259.962|y|56|15|71
HA70352|||600.664|0|0|0|0|0|NA|0|0|600.663|0|600.664|0|600.664|n|0|0|0
HA70352|21KR29||600.882|160.017|49.293|100.045|13.426|35.166|37.082|0|19.975|580.89|430.146|170.736|0|61.17|y|44|162|206
HA70353|20KR40||600.359|487.044|2.297|50.161|0|helmi.83|NA|4.008|17.24|578.857|549.95|50.409|4.249|50.407|y|3|27|30
HA70354|20AT26||601.16|0|0|0|0|0|NA|6.094|132.537|462.491|0|601.16|0|601.16|n|52|0|52
HA70354|||562.902|0|0|0|0|0|NA|0|0|562.901|0|562.902|0|562.902|n|0|0|0
HA70355|20AT26||600.968|73.575|170.493|0|85.58|5.452|NA|0|243.015|357.935|335.113|265.855|0|163.918|y|9|18|27
HA70355|21DT10||600.273|0|470.524|7.302|77.305|10.373|NA|0|0|600.272|565.51|34.763|0|34.761|y|2|7|9
HA70356|21JJ2||600.916|0|0|0|0|0|NA|0|0|599.787|0|600.916|0|600.916|n|0|0|0
HA70356|21OW9||600.834|0|0|0|0|0|NA|0|0|600.833|0|600.834|0|600.834|n|1|0|1
HA70357|21KR13||600|0|0|0|0|0|NA|0|0|600|0|600|0|600|n|0|0|0
HA70358|21NB1||600|0|0|0|0|0|NA|0|0|600|0|600|0|600|n|0|0|0
HA70359|21NB1||600|0|0|0|0|0|NA|598.896|1.103|0|599.146|0.854|598.896|0.853|y|1|0|1
HA70360|21EK10||600|101.988|2.499|320.654|45.746|15.745|429.41|0|261.238|338.742|494.408|105.592|0|0.448|y|9|22|31
HA70361|21EK10||600|0|0|0|0|0|NA|0|0|600|0|600|0|600|n|0|0|0
HA70362|21KR16||600|0|0|0|0|0|NA|0|0|600|0|600|0|600|n|2|0|2
HA70363|21KR16||600|28.494|49.214|12.998|255.635|20.323|101.354|1.506|0|598.492|368.192|231.808|1.506|0.88|y|11|27|38
HA70364|21KR22||600.735|13.96|24.387|297.144|20.306|83.892|217.444|0|39.724|561.001|440.412|160.323|0|1.266|y|29|49|78
HA70364|21KR22||600.72|0|0|1.294|25.233|349.655|NA|0|260.382|340.319|376.188|224.532|0|0.848|y|55|27|82
HA70367|21NB2||600|0|0|0|0|0|NA|0|0|600|0|600|0|600|n|0|0|0
HA70369|21NB2||600|0|0|0|0|0|NA|0|0|600|0|600|0|600|n|0|0|0
HA70373|||NA|NA|NA|NA|NA|NA|NA|NA|NA|NA|NA|NA|NA|NA|NA|NA|NA|NA
HA70373|||600.813|0|0|0|0|0|NA|0|NA|600.812|0|600.813|0|600.813|n|4|0|4
HA70377|21JJ20||600|39.424|2.997|142.857|0|27.493|NA|0|2.touko|597.498|279.228|320.772|0|214.438|y|26|27|53
HA70378|21EK26||600|0|0|0|0|0|NA|0|0|600|0|600|0|600|n|0|0|0
HA70382|21KR22||600|11.998|4.251|29.747|0|122.749|NA|0|0|600|168.748|431.252|0|431.251|y|4|3|7
HA70384|21KR35||600|33.915|0.506|245.034|0|3.099|NA|0|0|600|282.561|317.439|0|317.438|y|3|7|10
HA70385|21JJ20||600|0|0|251.212|3.touko|95.895|NA|0|224.389|375.61|350.611|249.389|0|249.388|y|3|4|7
HA70386|21NB15||600|0|0|0|0|0|NA|0|0|600|0|600|0|600|n|0|0|0
HA70389|21DT8||600|0|0|0|0|0|NA|0|0|600|0|600|0|600|n|0|0|0
HA70392|21JJ27||600|0|0|34.499|0|154.248|NA|0|0|600|188.749|411.251|0|411.25|y|3|2|5
HA70393|21JJ27||600|175.718|57.246|205.414|23|88.243|18.501|0|0|600|549.75|50.25|0|12.001|y|15|135|150
HA70395|21NB27||600|46.064|0|119.383|14.756|22.507|NA|23.424|48.249|528.264|262.524|337.476|22.671|90.252|y|104|83|187
HA70396|21OW9||600|41.024|20.186|142.238|20.493|336.456|57.77|0|65.966|534.008|561.947|38.053|0|0.573|y|14|56|70
HA70398|21KR45||600|0|0|0|0|0|NA|0|0|600|0|600|0|600|n|0|0|0
HA70399|21NB29||600|0|0|0|0|0|NA|0.458|1.502|598.038|0|600|0|600|n|1|0|1
HA70400|21NB29||600|62.99|41.808|98.518|77.359|85.738|124.241|6.754|35.817|557.413|366.529|233.471|6.757|26.002|y|120|158|278
HB45004|19EK15||600.932|109.763|4.165|254.823|0|3.705|NA|1.733|107.328|490.338|565.601|35.331|0|35.331|y|4|237|241
HB45007|19EK2||600.318|0|0|231.217|4.293|4.993|NA|0|2.756|597.56|240.508|359.81|0|30.144|y|3|6|9
HB45008|19EK2||601.238|0|0|0|124.321|37.834|NA|411.887|161.661|27.683|162.157|439.081|0|27.647|y|11|7|18
HB45009|19KR9||600.64|0|0|0|0|0|NA|0|24.086|576.546|0|600.64|0|600.64|n|72|0|72
HB45009|||600.161|166.339|10.434|149.464|5.224|19.706|469.719|64|219.571|316.509|480.153|120.008|4.252|120.006|y|29|198|227
HB45010|19KR13||591.164|0|0|0|0|0|NA|0|0|591.164|0|591.164|0|591.164|n|0|0|0
HB45011|19JJ1||600.825|4.989|20.696|226.552|103.184|29.043|48.211|helmi.25|33.11|565.451|404.351|196.474|0|61.305|y|28|74|102
HB45014|19EK1||600.104|0|0|0|0|0|NA|11.008|94.13|494.961|0|600.104|0|600.104|n|0|0|0
HB45015|19EK1||601.904|0|0|0|0|0|NA|0|0|601.904|0|601.903|0|601.904|n|0|0|0
HB45015|19EK1||601.259|113.454|40.37|130.165|10.609|78.185|186.708|0|1.969|606.015|371.925|229.334|0|99.249|y|37|86|123
HB45016|19EK3||600.405|191.378|15.003|364.894|maalis.17|2.285|208.69|0|4.641|595.761|580.158|20.247|0|4.035|y|4|57|61
HB45017|19EK3||593.917|0|0|234.261|0|143.605|NA|0|561.352|32.564|377.867|216.05|0|216.048|y|1|2|3
HB45018|19EK12||588.373|37.028|0|97.147|0|30.032|NA|0|9.214|579.151|164.219|424.154|0|424.152|y|46|14|60
HB45019|19EK11||600.287|0|157.488|162.494|46.521|194.52|NA|0|130.263|469.037|563.635|36.652|0|1.126|y|14|49|63
HB45020|19EK4||600.103|0|0|0|0|0|NA|0|600.103|0|0|600.103|0|600.103|n|0|0|0
HB45020|21OW3||600.528|0|0|0|0|0|NA|600.527|0|0|0|600.528|0|600.528|n|0|0|0
HB45021|19EK8||600.252|112.326|66.187|153.512|5.243|36.579|366.87|0|0|600.252|379.058|221.194|0|137.396|y|14|27|41
HB45023||Kodderviken|600.092|157.729|78.019|135.368|32.914|105.245|83.653|0|12.827|587.259|509.416|90.676|0|3.121|y|35|156|191
HB45023|20KR4||600.698|85.257|150.92|103.52|116.663|20.377|18.714|10.767|248.223|333.435|476.906|123.792|0|35.867|y|46|184|230
HB45024|19EK16||600.223|0|0|0|0|0|NA|0|43.602|556.615|0|600.223|0|600.223|n|214|0|214
HB45024|||600.258|0|0|0|0|0|NA|1.801|104.77|490.771|0|600.258|0|600.258|n|172|0|172
HB45025||Storminnet|600.287|16.831|61.897|184.478|0.999|111.345|153.878|0|51.626|548.994|375.654|224.633|0|87.831|y|21|28|49
HB45026||Storminnet|600.244|104.493|10.138|86.798|149.385|12.999|307.52|0|199.019|399.435|429.828|170.416|0|143.115|y|17|152|169
HB45027|19EK18||600.287|0|0|0|0|0|NA|600.293|0|0|0|600.287|600.292|600.287|n|0|0|0
HB45028|19KR26||600.491|0|0|0|0|0|NA|600.49|0|0|0|600.491|0|600.491|n|0|0|0
HB45029||Norra Fladet|600.287|57.185|tammi.96|69.359|4.374|67.609|185.02|50.542|93.094|455.93|240.896|359.391|0|252.985|y|44|67|111
HB45030|19EK29||600.815|116.437|helmi.45|0|0.868|5.helmi|NA|0|27.452|573.355|125.709|475.106|0|4.055|y|88|5|93
HB45031|19EK29||600.894|27.052|15.032|49.574|26.83|22.325|74.595|1.006|49.459|550.105|144.584|456.31|0|209.445|y|21|35|56
HB45032|19LK3||600.31|0|0|0|0|0|NA|0|13.045|587.263|0|600.31|0|600.31|n|0|0|0
HB45033|19KR15||600.305|63.087|251.374|54.039|71.169|69.891|14.025|0|104.88|482.228|509.849|90.456|0|2.485|y|55|139|194
HB45034|19EK26||600.531|0|10.huhti|83.943|209.19|152.401|NA|0|155.879|444.64|469.23|131.301|0|82.377|y|40|49|89
HB45035|19KR21||601.14|42.473|7.591|107.111|9.984|40.784|133.936|37.146|207.47|356.492|219.764|381.376|0|234.029|y|79|53|132
HB45035|19KR21||600.454|29.278|33.284|70.357|55.865|touko.85|71.598|0|438.145|162.308|194.673|405.781|0|374.943|y|9|44|53
HB45036|19KR21||600.027|0|0|0|0|0|NA|0|600.027|0|0|600.027|0|600.027|n|0|0|0
HB45037|19EK23||600.24|54.526|16.71|146.223|17.35|157.848|198.55|0|0|600.24|392.754|207.486|0|0.718|y|98|126|224
HB45038||Suomenoja|600.344|9.948|9.929|121.504|22.528|97.416|197.094|0|192.227|408.092|260.334|340.01|0|1.482|y|56|66|122
HB45039||Suomenoja|600.601|30.026|216.885|139.58|14.476|75.543|14.321|0|0|600.601|477.325|123.276|0|99.568|y|11|53|64
HB45040|19AT3||600.463|0|0|0|0|0|NA|0|3.846|555.699|0|600.463|0|600.463|n|310|0|310
HB45040|||600.026|0|1.233|2.271|125.353|16.353|NA|0.381|298.183|301.431|145.222|454.804|0|117.764|y|93|44|137
HB45041|19KR1||600.005|0|0|0|0|0|NA|121.118|442.713|36.077|0|600.005|40.642|600.005|n|103|0|103
HB45041|21EK6||600.233|4.623|28.943|57.363|marras.32|64.711|135.73|34.089|80.403|485.701|166.99|433.243|0|326.982|y|35|41|76
HB45042||Vuosaari|600.388|358.369|0|32.484|0|173.193|NA|0|0|600.388|565.121|35.267|0|35.265|y|3|5|8
HB45043|19KR19||601.068|21.728|3.618|84.55|3.628|60.781|74.682|0|5.638|595.428|174.33|426.738|0|418.035|y|4|27|31
HB45043|19KR19||601.872|90.104|40.988|134.257|48.29|71.68|25.982|0|25.723|576.145|382.59|219.282|0|38.079|y|57|101|158
HB45044||Kodderviken|600.118|0|0|102.497|1.062|33.209|NA|0|260.126|339.987|136.771|463.347|0|332.311|y|7|6|13
HB45045|19EK20||600.271|536.637|19.489|31.366|0|2.771|NA|3.864|497.572|98.824|590.268|10.003|0|10.001|y|1|6|7
HB45045|19EK20||600.929|264.892|3.104|228.439|23.541|28.338|491.674|0|67.591|518.93|548.333|52.596|0|25.094|y|9|22|31
HB45045|20EK53||600.897|34.242|225.34|122.457|9.385|76.673|276.846|15.149|475.516|110.209|468.108|132.789|0|58.463|y|13|14|27
HB45046|19EK20||600.894|0|0|0|0|0|NA|0|0|600.894|0|600.894|0|600.894|n|0|0|0
HB45047||Suomenoja|600.717|81.529|1.368|272.489|4.296|35.204|225.175|0|0.5|600.215|483.553|117.164|0|117.162|y|40|181|221
HB45047|20KR1||600.581|38.765|5.171|308.98|28.178|10.655|46.406|0|28.392|572.176|466.578|134.003|0|134.001|y|59|181|240
HB45047|||601.134|0|15.177|124.514|81.301|146.947|NA|0|69.244|531.869|369.362|231.772|0|42.934|y|60|81|141
HB45048||Suomenoja|NA|NA|NA|NA|NA|NA|NA|NA|NA|NA|NA|NA|NA|NA|NA|NA|NA|NA
HB45049|19KR18||600.132|0|241.411|7.418|56.046|127.162|NA|0|0|600.132|432.042|168.09|0|110.768|y|3|6|9
HB45050|19KR18||600.244|0|0|0|0|363.641|NA|0|46.376|553.864|363.867|236.377|0|236.375|y|2|1|3
HB45051|19AV3||600.066|15.988|42.391|34.735|40.197|58.825|40.699|0|255.775|343.254|192.098|407.968|0|2.463|y|60|50|110
HB45052|19AV3||600.098|71.96|20.589|116.274|14.797|34.137|66.948|0|92.185|507.64|300.862|299.236|0|117.695|y|95|128|223
HB45053||Sperring Sund|600.293|130.398|13.443|164.898|1.534|8.821|61.71|28.179|291.294|280.787|479.937|120.356|0|120.354|y|1|164|165
HB45054|19KR22||600.569|0|0|0|0|0|NA|143.441|457.127|0|0|600.569|0|600.569|n|0|0|0
HB45055|19KR22||600.319|38.254|53.188|0|49.308|6.452|NA|125.027|466.847|8.427|147.215|453.104|0|399.408|y|8|18|26
HB45055|19KR22||600.183|217.821|148.772|66.435|78.136|0|NA|76.924|432.691|90.5|517.248|82.935|0|54.879|y|16|182|198
HB45057|19KR28||600.501|50.142|2.329|506.004|0|39.198|NA|0|2.821|597.679|598.882|1.619|0|1.617|y|3|7|10
HB45058|19KR28||600.339|111.273|59.474|102.937|29.958|90.897|115.372|8.437|122.73|463.531|486.801|113.538|0|48.461|y|20|78|98
HB45058|19KR28||600.695|0|88.007|0|96.882|0|NA|0|184.891|415.803|184.89|415.805|0|415.803|y|1|2|3
HB45059|19KR27||601.373|56.993|28.037|181.056|70.162|75.594|16.123|0|288.732|310.021|449.693|151.68|0|27.122|y|73|255|328
HB45060||Storminnet|601.228|0|0|3.926|0|20.303|NA|66.579|371.204|163.435|24.23|576.998|0|576.996|y|11|2|13
HB45061||Storminnet|600.496|66.638|35.861|218.046|50.793|168.543|138.507|0|6.264|594.23|539.912|60.584|0|36.802|y|3|33|36
HB45062||Norra Fladet|601.579|83.126|135.773|166.661|125.383|20.926|82.685|0|0|601.579|531.919|69.66|0|7.685|y|7|53|60
HB45063|19KR24||600.497|168.756|110.661|236.687|20.845|26.676|54.357|0|2.568|597.927|583.464|17.033|0|6.243|y|4|136|140
HB45064||Matask?sviken|600.982|32.31|16.476|74.971|36.708|227.643|163.208|17.18|157.728|425.278|390.046|210.936|0|46.115|y|57|62|119
HE21001|20EK1||600.298|0|0|0|0|0|NA|0|56.885|543.396|0|600.298|0|600.298|n|290|0|290
HE21001|20EK1||600.869|166.165|3.602|11.684|0|6.645|NA|0|NA|600.868|188.1|412.769|0|412.767|y|1|5|6
HE21001|21EK4||600.39|0|0|0|0|0|NA|0|69.392|530.974|0|600.39|0|600.39|n|158|0|158
HE21002|||600.021|73.902|17.213|142.177|10.994|55.375|58.462|30.969|200.397|367.911|479.075|120.946|2.759|91.883|y|13|185|198
HE21003|||600.189|0|0|0|0|0|NA|298.682|141.714|159.746|0|600.189|0|600.189|n|72|0|72
HE21004|||600.025|0|0|0|0|0|NA|42.088|392.385|165.488|0|600.025|0|600.025|n|158|0|158
HE21005|||600.372|0|0|173.352|1.673|0|NA|0|3.692|596.678|175.026|425.346|0|425.344|y|1|2|3
HE21006|||600.653|0|0|0|0|0|NA|58.675|119.213|421.94|0|600.653|11.352|600.653|n|98|0|98
HE21007|||622.579|18.036|0.808|87.678|0|2.261|NA|4.909|70.979|546.654|120.001|502.578|0|502.577|y|19|18|37
HE21008|||600.473|137.429|2.489|277.765|16.96|26.094|92.085|helmi.85|95.68|501.9|588.202|12.271|0|12.269|y|2|149|151
HE21009|||600.34|78.209|13.812|98.458|15.772|30.995|24.43|0|14.416|585.918|237.276|363.064|0|190.88|y|21|37|58
HE21010|||590.588|0|0|0|0|0|NA|589.079|1.508|0|0|590.588|589.079|590.588|n|1|0|1
HE21011|||600.012|13.86|141.221|36.996|6.442|3.635|42.211|huhti.83|179.017|416.149|203.46|396.552|0|340.208|y|23|18|41
HE21012|||600.068|14.52|85.886|3.434|145.264|3.435|210.675|15.58|502.882|81.569|252.599|347.469|0|1.878|y|43|94|137
HE21013|20AT7||600.092|0|0|0|0|0|NA|1.826|touko.67|592.66|0|600.092|0|600.092|n|6|0|6
HE21014|20AT7||600.925|21.062|470.24|0|81.971|0|NA|0|220.153|380.745|573.307|27.618|0|1.487|y|8|41|49
HE21015|20EK34||600|59.069|4.004|40.492|4.001|0|NA|0|12.824|587.173|107.571|492.429|0|492.428|y|3|5|8
HE21016|20EK16||600.942|580.139|10.381|9.205|0|0|NA|0|16.982|583.951|600.186|0.756|0|0.754|y|1|8|9
HE21017|20AT17||NA|NA|NA|NA|NA|NA|NA|NA|NA|NA|NA|NA|NA|NA|NA|NA|NA|NA
HE21018|20EK44||600|0|0|0|0|0|NA|5.341|68.654|525.999|0|600|0|600|n|21|0|21
HE21019|20KR1||600|0|222.198|19.474|0|45.662|NA|0|1.747|598.252|281.425|318.575|0|318.574|y|5|3|8
HE21020|20KR13||600|172.968|204.37|115.441|70.377|13.717|53.999|0|0|600|589.511|10.489|0|3.496|y|7|135|142
HE21021|20AT5||600|12.765|7.729|47.51|7.566|3.423|49.275|15.764|326.321|257.865|95.081|504.919|0|3.502|y|116|45|161
HE21022|20EK25||600|0|0|0|0|0|NA|0|15.28|584.719|0|600|0|600|n|0|0|0
HE21023|20JJ5||600|23.241|33.838|53.235|46.754|0.992|67.995|0|53.188|546.779|158.087|441.913|0|289.757|y|30|33|63
HE21024|||NA|NA|NA|NA|NA|NA|NA|NA|NA|NA|NA|NA|NA|NA|NA|NA|NA|NA
HE21025|||NA|NA|NA|NA|NA|NA|NA|NA|NA|NA|NA|NA|NA|NA|NA|NA|NA|NA
HE21026|20AT23||600.639|44.282|36.092|248.899|52.387|40.174|77.479|12.914|424.444|163.236|422.118|178.521|0|22.syys|y|38|70|108
HE21027|20AT23||600.556|356.814|0|36.415|0|199.776|NA|0|8|592.55|594.058|6.498|0|6.496|y|3|6|9
HE21028|||600|140.803|189.243|61.638|53.489|75.354|94.536|0|178.683|421.236|520.667|79.333|0|2.758|y|30|158|188
HE21029|||600.306|123.818|0|162.868|0|syys.89|NA|0|155.612|444.187|468.479|131.827|0|131.825|y|1|286|287
HE21030|||600.468|10.757|174.467|0|29.536|5.588|NA|0|374.62|225.847|220.359|380.109|0|11.068|y|2|11|13
HE21031|20AT25||600.367|169.707|238.615|146.556|1.088|10.505|463.332|0|119.156|481.201|566.489|33.878|0|33.876|y|9|19|28
HE21032|20AT25||624.181|7.851|0|24.286|6.133|0|NA|45.353|377.406|201.353|114.706|509.475|6.162|509.473|y|79|38|117
HE21033|20KR22||600.397|0|0|0|0|0|NA|0|600.397|0|0|600.397|0|600.397|n|0|0|0
HE21034|20EK29||600.223|0|0|0|0|0|NA|0|0|600.223|0|600.223|0|600.223|n|0|0|0
HE21035|20KR30||600.608|0|0|117.788|9.472|452.14|NA|0|591.033|9.574|580.272|20.336|0|18.727|y|2|7|9
HE21037|20KR30||591.221|0|0|0|0|0|NA|0|8.925|582.29|0|591.221|0|591.221|n|19|0|19
HE21038|||600.097|33.456|20.516|133.499|54.657|40.263|82.232|0|191.116|408.415|283.915|316.182|0|2.299|y|95|71|166
HE21039|20KR29||600.069|48.986|54.93|139.651|128.574|51.511|57.335|174.092|392.871|33|436.802|163.267|0|29.488|y|54|185|239
HE21040|20KR29||599.926|0|0|0|0|0|NA|0|11.369|588.547|0|599.926|0|599.926|n|106|0|106
HE21041|20KR45||600.373|212.192|32.431|90.008|20.301|14.199|90.695|3.092|40.967|556.285|372.532|227.841|0|83.461|y|27|61|88
HE21042|20KR45||600.231|0|0|0|0|0|NA|0|57.48|542.725|0|600.231|0|600.231|n|2|0|2
HE21043|20AT24||600.236|0|0|0|0|0|NA|0|175.515|16.384|0|600.236|0|600.236|n|1|0|1
HE21044|20EK49||600|33.215|0|546.702|0|0|NA|0|joulu.55|587.444|598.99|1.tammi|0|1.tammi|y|2|14|16
HE21045|20EK49||600|55.885|tammi.25|128.1|0.5|331.934|493.124|0|21.008|578.986|529.337|70.663|0|53.498|y|10|48|58
HE21046|20JJ19||600.027|0|0|0|0|0|NA|14.501|161.474|423.925|0|600.027|0|600.027|n|208|0|208
HE21047|20JJ19||600|0|0|0|0|0|NA|0|128.178|471.678|0|600|0|600|n|338|0|338
HE21048|||600.121|0|0|0|0|0|NA|tammi.88|71.028|527.174|0|600.121|0|600.121|n|189|0|189
HE21049|||600.303|162.279|109.971|128.729|59.927|7.304|18.123|12.209|439.297|148.76|475.13|125.173|0|101.095|y|15|102|117
HE21050|||600.599|200.714|107.462|148.376|61.301|27.891|55.837|13.579|259.132|327.224|581.241|19.358|0|2.944|y|22|476|498
HE21051|||600.221|0|0|0|0|0|NA|4.518|75.929|519.735|0|600.221|0|600.221|n|140|0|140
HE21052|||600|0|0|0|0|0|NA|27.506|115.402|457.089|0|600|25.598|600|n|9|0|9
HE21053|20KR38||600|4.994|82.765|2.997|90.216|111.314|190.998|41.057|264.599|294.297|292.817|307.183|0|2.016|y|29|44|73
HE21054|20EK52||600.019|0|0|0|0|0|NA|0|0|600.019|0|600.019|0|600.019|n|0|0|0
HE21055|20EK52||600.562|78.367|0|466.217|1.751|0|NA|0|47.066|553.463|599.551|1.011|0|1.tammi|y|1|74|75
HE21056|20KR46||600|0|0|0|0|0|NA|119.186|395.687|85.03|0|600|26.464|600|n|184|0|184
HE21301|21EK4||600|0|0|0|0|0|NA|0|4.248|595.751|0|600|0|600|n|2|0|2
HE21302|21KR3||600|0|0|17.438|0|15.501|NA|29.016|108.996|461.98|32.94|567.06|0|567.059|y|3|1|4
HE21303|21KR3||600|0|0|0|0|0|NA|0|0|600|0|600|0|600|n|0|0|0
HE21305|21KR8||600|0|0|0|0|0|NA|322.586|277.413|0|0|600|0|600|n|1|0|1
HE21307|21EK2||600|0|0|0|0|0|NA|0|179.499|420.494|0|600|0|600|n|2|0|2
HE21308|21EK2||600|0|0|0|0|0|NA|0|80.497|519.502|0|600|0|600|n|0|0|0
HE21309|21KR4||600|0|0|0|0|0|NA|0|273.939|326.03|0|600|0|600|n|33|0|33
HE21310|21KR4||600|202.043|3.245|159.084|touko.44|0|NA|29.49|426.517|143.923|422.003|177.997|0|177.996|y|2|139|141
HE21313|21JJ6||600|0|0|0|0|0|NA|0|63.748|536.25|0|600|0|600|n|1|0|1
HE21314|21JJ6||600|3.502|137.983|1.touko|113.573|53.453|183.441|1.757|140.646|457.549|310.065|289.935|0.758|2.004|y|86|92|178
HE21315|21DT2||600|0|129.035|0|26.534|4.998|NA|0|163.741|436.256|160.569|439.431|0|439.43|y|2|2|4
HE21316|21EK11||600|0|0|0|0|0|NA|149.385|391.76|58.73|0|600|5.575|600|n|224|0|224
HE21317|21JJ11||600|0|0|0|0|0|NA|0|0|600|0|600|0|600|n|2|0|2
HE21318|21EK6||600|156.798|60.669|158.007|42.464|23.015|79.003|64.341|507.621|28|441.005|158.995|0|147.751|y|29|53|82
HE21319|21JJ15||600|0|0|0|0|0|NA|0|600|0|0|600|0|600|n|0|0|0
HE21320|21JJ15||600|0|0|0|0|0|NA|0|0.747|599.251|0|600|0|600|n|2|0|2
HE21321|21JJ8||600|0|0|0|0|0|NA|0|4.997|595.002|0|600|0|600|n|1|0|1
HE21322|21JJ10||600|0|0|0|0|0|NA|0|4.261|595.733|0|600|0|600|n|77|0|77
HE21323|21JJ10||600|32.354|0|225.75|42.25|1.499|NA|3.syys|125.523|471.323|412.498|187.502|0|187.501|y|62|114|176
HE21324|21EK13||600|127.499|42.774|39.253|0.998|2.996|212.538|0|0|600|213.535|386.465|0|258.005|y|7|17|24
HE21325|21EK9||600|159.201|33.827|366.893|0|1.551|NA|0|21.796|578.2|562.5|37.5|0|37.499|y|4|18|22
HE21326|21EK9||600|1.585|0|0.746|1.753|0|NA|8.081|159.134|432.731|4.657|595.343|0|595.342|y|78|5|83
HE21327|21EK15||600|110.614|69.852|198.382|41.238|5.501|29.251|14.159|182.517|403.207|490.905|109.095|0|69.822|y|9|221|230
HE21328|21EK24||600.876|147.301|0|236.913|28.441|elo.57|NA|0|265.08|335.727|600.273|0.603|0|0.601|y|1|218|219
HE21328|21EK24||600.28|43.121|51.258|23.31|458.708|4.483|464.56|5.991|542.215|52.046|580.932|19.348|0|1.335|y|6|54|60
HE21329|21EK24||600|0|0|0|0|0|NA|138.817|163.418|297.655|0|600|84.069|600|n|109|0|109
HE21330|21EK18||600|0|0|0|0|0|NA|5.984|121.242|472.74|0|600|0|600|n|6|0|6
HE21335|21NB12||600.79|0|0|0|0|0|NA|111.296|208.737|280.644|0|600.79|36.407|600.79|n|176|0|176
HE21335|21NB12||598.823|0|0|0|0|0|NA|3.643|82.618|473.29|0|598.823|0|598.823|n|159|0|159
HE21337|21NB7||600.03|0|0|6.001|3.995|27.037|NA|0|293.606|306.419|37.036|562.994|0|275.5|y|10|5|15
HE21338|21EK19||600|0|0|0|0|0|NA|0|116.245|483.703|0|600|0|600|n|75|0|75
HE21339|21EK19||600|0|0|0|0|0|NA|0|600|0|0|600|0|600|n|0|0|0
HE21341|21EK21||600|284.748|0|88.486|0|69.498|NA|16.462|236.264|347.25|552.999|47.001|0|47|y|1|31|32
HE21342|21OW2||600|44.743|0|20.483|7.015|4.999|NA|0|0|600|77.746|522.254|0|522.253|y|4|4|8
HE21343|21OW2||600|0|0|0|0|0|NA|0|0|600|0|600|0|600|n|0|0|0
HE21349|21OW5||600|9.751|387.29|5.994|174.853|1.495|411.493|7.touko|476.557|115.871|579.502|20.498|0|1.756|y|12|130|142
HE21350|21OW5||600|0|0|0|0|281.755|NA|0|0|600|281.755|318.245|0|318.244|y|2|0|2
HE21351|21EK25||600|0|0|0|0|0|NA|0|0|600|0|600|0|600|n|0|0|0
HE21352|21EK25||600|0|0|0|0|0|NA|126.474|214.696|258.747|0|600|2.743|600|n|121|0|121
HE21355|21NB21||600|10.245|275.934|312.057|0|0|NA|1.262|16.37|582.361|598.493|1.507|0|1.507|y|1|6|7
HE21360|21OW8||600|0|0|96.73|0|128.766|NA|0|0|600|225.497|374.503|0|374.502|y|1|1|2
HE21361|21OW8||600|0|0|0|0|0|NA|153.479|308.385|138.044|0|600|34.485|600|n|219|0|219
HE21362|21JJ32||600|9.999|41.476|196.749|171.251|49.248|389.513|62.26|198.479|339.227|509.494|90.506|0|0.758|y|11|36|47
HE21363|21JJ32||600|0|0|31.673|0|23.039|NA|0|0|600|54.713|545.287|0|545.286|y|1|1|2
HE21364|21NB25||600|120.159|71.966|118.526|39.239|56.572|91.246|48.758|345.029|206.145|415.788|184.212|0|13.001|y|42|80|122
HE21370|21OW10||600|0|125.999|0|43.499|0|NA|0.748|174.897|424.352|169.499|430.501|0|0.646|y|3|5|8
